{
  "insight7_b": {
    "open_px": 449.08525081547714,
    "closed_px": 128.39027416436184
  }
}
