{
  "insight7_b": {
    "open_px": 449.08525081547714,
    "closed_px": 128.39027416436184
  },
  "insight7_a": {
    "open_px": 486.4106418449333,
    "closed_px": 131.76517939121854
  }
}
