{
  "reference_camera": "insight9_a",
  "transforms": {
    "insight7_a": {
      "world_to_reference": [
        [
          -0.8615861126250143,
          -0.493650969091973,
          0.1182289780310759,
          -0.08652475712341823
        ],
        [
          0.4278891041630278,
          -0.8316029722152651,
          -0.35404436323898436,
          0.23777042982511878
        ],
        [
          0.2730939125470912,
          -0.2544508151240475,
          0.927725443012333,
          0.21146527777717405
        ],
        [
          0.0,
          0.0,
          0.0,
          1.0
        ]
      ]
    },
    "insight7_b": {
      "world_to_reference": [
        [
          0.14321918708333908,
          -0.9895730169777974,
          -0.015280985591439008,
          -0.2388581244693991
        ],
        [
          0.9296947387294475,
          0.1398151693607083,
          -0.3407629838985165,
          0.0005225602309492419
        ],
        [
          0.33934636763927745,
          0.03459714563507694,
          0.9400250423706453,
          0.26263255201847074
        ],
        [
          0.0,
          0.0,
          0.0,
          1.0
        ]
      ]
    },
    "insight9_a": {
      "world_to_reference": [
        [
          1.0,
          -6.516864972744325e-17,
          6.3013493073820835e-18,
          -2.312964634635743e-17
        ],
        [
          6.516864972744327e-17,
          0.9999999999999997,
          -9.588984238592605e-17,
          -3.700743415417188e-17
        ],
        [
          -6.301349307382077e-18,
          1.193186985118935e-16,
          0.9999999999999999,
          -4.163336342344337e-17
        ],
        [
          0.0,
          0.0,
          0.0,
          1.0
        ]
      ]
    }
  },
  "metadata": {
    "created_at_epoch_s": 1780911289.7942488,
    "required_samples": 12,
    "board_rows": 6,
    "board_cols": 6,
    "marker_length_m": 0.055,
    "marker_separation_m": 0.0165,
    "dictionary": "DICT_APRILTAG_36h11",
    "reference_camera": "insight9_a"
  }
}